<?xml version="1.0" encoding="UTF-8"?>
<project-private xmlns="http://www.netbeans.org/ns/project-private/1">
    <editor-bookmarks xmlns="http://www.netbeans.org/ns/editor-bookmarks/2" lastBookmarkId="0"/>
    <open-files xmlns="http://www.netbeans.org/ns/projectui-open-files/2">
        <group>
            <file>file:/C:/Users/DELL/Documents/NetBeansProjectsEveb/2230476/src/java/auth/ReplyToReviewsServlet.java</file>
            <file>file:/C:/Users/DELL/Documents/NetBeansProjectsEveb/2230476/src/java/auth/ViewInternshipsServlet.java</file>
            <file>file:/C:/Users/DELL/Documents/NetBeansProjectsEveb/2230476/src/java/auth/PostInternshipServlet.java</file>
            <file>file:/C:/Users/DELL/Documents/NetBeansProjectsEveb/2230476/web/submitreview.jsp</file>
            <file>file:/C:/Users/DELL/Documents/NetBeansProjectsEveb/2230476/src/java/model/User.java</file>
            <file>file:/C:/Users/DELL/Documents/NetBeansProjectsEveb/2230476/src/java/auth/DeleteReviewServlet.java</file>
            <file>file:/C:/Users/DELL/Documents/NetBeansProjectsEveb/2230476/web/applicationstatus.jsp</file>
            <file>file:/C:/Users/DELL/Documents/NetBeansProjectsEveb/2230476/web/browse_internships.jsp</file>
            <file>file:/C:/Users/DELL/Documents/NetBeansProjectsEveb/2230476/src/java/auth/ManageInternshipsServlet.java</file>
            <file>file:/C:/Users/DELL/Documents/NetBeansProjectsEveb/2230476/src/java/auth/DeleteInternshipServlet.java</file>
            <file>file:/C:/Users/DELL/Documents/NetBeansProjectsEveb/2230476/web/manageinternships.jsp</file>
            <file>file:/C:/Users/DELL/Documents/NetBeansProjectsEveb/2230476/web/apply.jsp</file>
            <file>file:/C:/Users/DELL/Documents/NetBeansProjectsEveb/2230476/web/postinternship.jsp</file>
            <file>file:/C:/Users/DELL/Documents/NetBeansProjectsEveb/2230476/src/java/auth/ApplicationStatusServlet.java</file>
            <file>file:/C:/Users/DELL/Documents/NetBeansProjectsEveb/2230476/src/java/auth/SubmitReviewServlet.java</file>
            <file>file:/C:/Users/DELL/Documents/NetBeansProjectsEveb/2230476/src/java/auth/ApplyInternshipServlet.java</file>
            <file>file:/C:/Users/DELL/Documents/NetBeansProjectsEveb/2230476/web/studentdashboard.jsp</file>
            <file>file:/C:/Users/DELL/Documents/NetBeansProjectsEveb/2230476/web/internships.jsp</file>
            <file>file:/C:/Users/DELL/Documents/NetBeansProjectsEveb/2230476/src/java/auth/LoginServlet.java</file>
            <file>file:/C:/Users/DELL/Documents/NetBeansProjectsEveb/2230476/src/java/auth/BrowseInternshipsServlet.java</file>
            <file>file:/C:/Users/DELL/Documents/NetBeansProjectsEveb/2230476/src/java/model/Internship.java</file>
            <file>file:/C:/Users/DELL/Documents/NetBeansProjectsEveb/2230476/src/java/auth/ManageUsersServlet.java</file>
        </group>
    </open-files>
</project-private>
