<?xml version="1.0" encoding="UTF-8"?>
<project-private xmlns="http://www.netbeans.org/ns/project-private/1">
    <editor-bookmarks xmlns="http://www.netbeans.org/ns/editor-bookmarks/2" lastBookmarkId="0"/>
    <open-files xmlns="http://www.netbeans.org/ns/projectui-open-files/2">
        <group>
            <file>file:/C:/Users/DELL/Documents/NetBeansProjectsEveb/ThaboSekantsi2230476/src/ManagerDelete.java</file>
            <file>file:/C:/Users/DELL/Documents/NetBeansProjectsEveb/ThaboSekantsi2230476/src/SysCreateUser.java</file>
            <file>file:/C:/Users/DELL/Documents/NetBeansProjectsEveb/ThaboSekantsi2230476/src/ManagerUpdate.java</file>
            <file>file:/C:/Users/DELL/Documents/NetBeansProjectsEveb/ThaboSekantsi2230476/src/LogIn.java</file>
            <file>file:/C:/Users/DELL/Documents/NetBeansProjectsEveb/ThaboSekantsi2230476/src/StoreManager.java</file>
            <file>file:/C:/Users/DELL/Documents/NetBeansProjectsEveb/ThaboSekantsi2230476/src/SystemAdministrator.java</file>
            <file>file:/C:/Users/DELL/Documents/NetBeansProjectsEveb/ThaboSekantsi2230476/src/Salesperson.java</file>
            <file>file:/C:/Users/DELL/Documents/NetBeansProjectsEveb/ThaboSekantsi2230476/src/Customer.java</file>
            <file>file:/C:/Users/DELL/Documents/NetBeansProjectsEveb/ThaboSekantsi2230476/src/InventoryClerk.java</file>
            <file>file:/C:/Users/DELL/Documents/NetBeansProjectsEveb/ThaboSekantsi2230476/src/InventoryUpdate.java</file>
            <file>file:/C:/Users/DELL/Documents/NetBeansProjectsEveb/ThaboSekantsi2230476/src/InventorySearch.java</file>
        </group>
    </open-files>
</project-private>
